"Month","region","iso","name","product_family","price","SalesUsd2018H1","SalesUsd2019H1","diff"
"01",ROW,AT,All Products Pack,All Products Pack,65,128919.0800000000000,124389.2100000000000,-4529.8700000000000
"01",ROW,AT,DataGrip,IntelliJ-based IDE,20,46263.8300000000000,35608.3600000000000,-10655.4700000000000
"01",ROW,AT,IntelliJ IDEA,IntelliJ-based IDE,50,116978.9400000000000,96269.5000000000000,-20709.4400000000000
"01",ROW,AT,ReSharper,.NET products,14,30209.9500000000000,26985.1500000000000,-3224.8000000000000
"01",ROW,AT,Rider,.NET products,14,29585.7600000000000,26090.2700000000000,-3495.4900000000000
"01",ROW,AT,RubyMine,IntelliJ-based IDE,20,45313.3600000000000,39518.1900000000000,-5795.1700000000000
"01",ROW,AT,YouTrack InCloud,Server Tools,50,105515.9500000000000,97489.9900000000000,-8025.9600000000000
"01",ROW,AU,All Products Pack,All Products Pack,65,66300.0000000000000,89505.0000000000000,23205.0000000000000
"01",ROW,AU,DataGrip,IntelliJ-based IDE,20,23360.0000000000000,24660.0000000000000,1300.0000000000000
"01",ROW,AU,IntelliJ IDEA,IntelliJ-based IDE,50,61200.0000000000000,50000.0000000000000,-11200.0000000000000
"01",ROW,AU,ReSharper,.NET products,14,18830.0000000000000,15708.0000000000000,-3122.0000000000000
"01",ROW,AU,Rider,.NET products,14,18102.0000000000000,16646.0000000000000,-1456.0000000000000
"01",ROW,AU,RubyMine,IntelliJ-based IDE,20,23280.0000000000000,21500.0000000000000,-1780.0000000000000
"01",ROW,AU,YouTrack InCloud,Server Tools,50,61650.0000000000000,51800.0000000000000,-9850.0000000000000
"01",ROW,CH,All Products Pack,All Products Pack,65,221019.5600000000000,222897.2600000000000,1877.7000000000000
"01",ROW,CH,DataGrip,IntelliJ-based IDE,20,74266.1400000000000,64933.5000000000000,-9332.6400000000000
"01",ROW,CH,IntelliJ IDEA,IntelliJ-based IDE,50,190344.4100000000000,172773.3800000000000,-17571.0300000000000
"01",ROW,CH,ReSharper,.NET products,14,51033.5600000000000,45388.7300000000000,-5644.8300000000000
"01",ROW,CH,Rider,.NET products,14,42634.6800000000000,46029.8100000000000,3395.1300000000000
"01",ROW,CH,RubyMine,IntelliJ-based IDE,20,61454.8500000000000,70452.6400000000000,8997.7900000000000
"01",ROW,CH,YouTrack InCloud,Server Tools,50,177917.3400000000000,169748.4900000000000,-8168.8500000000000
"01",ROW,DE,All Products Pack,All Products Pack,65,1878858.9200000000000,1756528.3100000000000,-122330.6100000000000
"01",ROW,DE,DataGrip,IntelliJ-based IDE,20,576016.3100000000000,540922.5300000000000,-35093.7800000000000
"01",ROW,DE,IntelliJ IDEA,IntelliJ-based IDE,50,1448022.1100000000000,1380797.3800000000000,-67224.7300000000000
"01",ROW,DE,ReSharper,.NET products,14,411280.0100000000000,384849.1500000000000,-26430.8600000000000
"01",ROW,DE,Rider,.NET products,14,419465.1900000000000,384693.6500000000000,-34771.5400000000000
"01",ROW,DE,RubyMine,IntelliJ-based IDE,20,591888.4700000000000,551562.5400000000000,-40325.9300000000000
"01",ROW,DE,YouTrack InCloud,Server Tools,50,1449793.5600000000000,1357840.5700000000000,-91952.9900000000000
"01",ROW,GB,All Products Pack,All Products Pack,65,212991.9700000000000,213273.4400000000000,281.4700000000000
"01",ROW,GB,DataGrip,IntelliJ-based IDE,20,63832.9200000000000,54315.5200000000000,-9517.4000000000000
"01",ROW,GB,IntelliJ IDEA,IntelliJ-based IDE,50,171163.8100000000000,162324.7800000000000,-8839.0300000000000
"01",ROW,GB,ReSharper,.NET products,14,49319.4500000000000,45271.3900000000000,-4048.0600000000000
"01",ROW,GB,Rider,.NET products,14,44836.1100000000000,42232.7000000000000,-2603.4100000000000
"01",ROW,GB,RubyMine,IntelliJ-based IDE,20,70462.3000000000000,64831.5700000000000,-5630.7300000000000
"01",ROW,GB,YouTrack InCloud,Server Tools,50,163241.5300000000000,158550.4900000000000,-4691.0400000000000
"01",ROW,IL,All Products Pack,All Products Pack,65,79105.0000000000000,93665.0000000000000,14560.0000000000000
"01",ROW,IL,DataGrip,IntelliJ-based IDE,20,21940.0000000000000,23880.0000000000000,1940.0000000000000
"01",ROW,IL,IntelliJ IDEA,IntelliJ-based IDE,50,62200.0000000000000,64700.0000000000000,2500.0000000000000
"01",ROW,IL,ReSharper,.NET products,14,17920.0000000000000,17472.0000000000000,-448.0000000000000
"01",ROW,IL,Rider,.NET products,14,17598.0000000000000,18788.0000000000000,1190.0000000000000
"01",ROW,IL,RubyMine,IntelliJ-based IDE,20,22360.0000000000000,23340.0000000000000,980.0000000000000
"01",ROW,IL,YouTrack InCloud,Server Tools,50,63850.0000000000000,62800.0000000000000,-1050.0000000000000
"01",ROW,KR,All Products Pack,All Products Pack,65,30615.0000000000000,32955.0000000000000,2340.0000000000000
"01",ROW,KR,DataGrip,IntelliJ-based IDE,20,12320.0000000000000,9840.0000000000000,-2480.0000000000000
"01",ROW,KR,IntelliJ IDEA,IntelliJ-based IDE,50,28400.0000000000000,31700.0000000000000,3300.0000000000000
"01",ROW,KR,ReSharper,.NET products,14,9002.0000000000000,9338.0000000000000,336.0000000000000
"01",ROW,KR,Rider,.NET products,14,8862.0000000000000,9184.0000000000000,322.0000000000000
"01",ROW,KR,RubyMine,IntelliJ-based IDE,20,11740.0000000000000,12000.0000000000000,260.0000000000000
"01",ROW,KR,YouTrack InCloud,Server Tools,50,32900.0000000000000,28350.0000000000000,-4550.0000000000000
"01",ROW,NZ,All Products Pack,All Products Pack,65,48230.0000000000000,33930.0000000000000,-14300.0000000000000
"01",ROW,NZ,DataGrip,IntelliJ-based IDE,20,10060.0000000000000,10940.0000000000000,880.0000000000000
"01",ROW,NZ,IntelliJ IDEA,IntelliJ-based IDE,50,26400.0000000000000,33050.0000000000000,6650.0000000000000
"01",ROW,NZ,ReSharper,.NET products,14,7616.0000000000000,6566.0000000000000,-1050.0000000000000
"01",ROW,NZ,Rider,.NET products,14,8820.0000000000000,6608.0000000000000,-2212.0000000000000
"01",ROW,NZ,RubyMine,IntelliJ-based IDE,20,13000.0000000000000,13000.0000000000000,0.0000000000000
"01",ROW,NZ,YouTrack InCloud,Server Tools,50,27300.0000000000000,22000.0000000000000,-5300.0000000000000
"01",US,CA,All Products Pack,All Products Pack,65,69810.0000000000000,83980.0000000000000,14170.0000000000000
"01",US,CA,DataGrip,IntelliJ-based IDE,20,21100.0000000000000,21900.0000000000000,800.0000000000000
"01",US,CA,IntelliJ IDEA,IntelliJ-based IDE,50,51550.0000000000000,57150.0000000000000,5600.0000000000000
"01",US,CA,ReSharper,.NET products,14,15372.0000000000000,17374.0000000000000,2002.0000000000000
"01",US,CA,Rider,.NET products,14,14588.0000000000000,15358.0000000000000,770.0000000000000
"01",US,CA,RubyMine,IntelliJ-based IDE,20,22500.0000000000000,24580.0000000000000,2080.0000000000000
"01",US,CA,YouTrack InCloud,Server Tools,50,53350.0000000000000,55550.0000000000000,2200.0000000000000
"01",US,US,All Products Pack,All Products Pack,65,1533740.0000000000000,1625390.0000000000000,91650.0000000000000
"01",US,US,DataGrip,IntelliJ-based IDE,20,491300.0000000000000,488220.0000000000000,-3080.0000000000000
"01",US,US,IntelliJ IDEA,IntelliJ-based IDE,50,1170100.0000000000000,1218200.0000000000000,48100.0000000000000
"01",US,US,ReSharper,.NET products,14,332710.0000000000000,341208.0000000000000,8498.0000000000000
"01",US,US,Rider,.NET products,14,333298.0000000000000,343252.0000000000000,9954.0000000000000
"01",US,US,RubyMine,IntelliJ-based IDE,20,479600.0000000000000,479560.0000000000000,-40.0000000000000
"01",US,US,YouTrack InCloud,Server Tools,50,1201800.0000000000000,1231350.0000000000000,29550.0000000000000
"02",ROW,AT,All Products Pack,All Products Pack,65,116398.8000000000000,120840.4800000000000,4441.6800000000000
"02",ROW,AT,DataGrip,IntelliJ-based IDE,20,36736.4100000000000,33886.0300000000000,-2850.3800000000000
"02",ROW,AT,IntelliJ IDEA,IntelliJ-based IDE,50,83105.6400000000000,96761.4100000000000,13655.7700000000000
"02",ROW,AT,ReSharper,.NET products,14,27064.4900000000000,24595.8400000000000,-2468.6500000000000
"02",ROW,AT,Rider,.NET products,14,26342.8300000000000,23073.0200000000000,-3269.8100000000000
"02",ROW,AT,RubyMine,IntelliJ-based IDE,20,43614.0600000000000,32249.3600000000000,-11364.7000000000000
"02",ROW,AT,YouTrack InCloud,Server Tools,50,95515.2200000000000,97127.7900000000000,1612.5700000000000
"02",ROW,AU,All Products Pack,All Products Pack,65,70200.0000000000000,60320.0000000000000,-9880.0000000000000
"02",ROW,AU,DataGrip,IntelliJ-based IDE,20,20800.0000000000000,21460.0000000000000,660.0000000000000
"02",ROW,AU,IntelliJ IDEA,IntelliJ-based IDE,50,50650.0000000000000,52000.0000000000000,1350.0000000000000
"02",ROW,AU,ReSharper,.NET products,14,15106.0000000000000,13720.0000000000000,-1386.0000000000000
"02",ROW,AU,Rider,.NET products,14,16156.0000000000000,15330.0000000000000,-826.0000000000000
"02",ROW,AU,RubyMine,IntelliJ-based IDE,20,21500.0000000000000,19680.0000000000000,-1820.0000000000000
"02",ROW,AU,YouTrack InCloud,Server Tools,50,52950.0000000000000,55250.0000000000000,2300.0000000000000
"02",ROW,CH,All Products Pack,All Products Pack,65,233009.7200000000000,221359.7000000000000,-11650.0200000000000
"02",ROW,CH,DataGrip,IntelliJ-based IDE,20,74327.8600000000000,60101.0100000000000,-14226.8500000000000
"02",ROW,CH,IntelliJ IDEA,IntelliJ-based IDE,50,149499.3400000000000,148622.3500000000000,-876.9900000000000
"02",ROW,CH,ReSharper,.NET products,14,45975.0000000000000,40789.7900000000000,-5185.2100000000000
"02",ROW,CH,Rider,.NET products,14,44724.2800000000000,42480.5500000000000,-2243.7300000000000
"02",ROW,CH,RubyMine,IntelliJ-based IDE,20,62138.8500000000000,63053.9500000000000,915.1000000000000
"02",ROW,CH,YouTrack InCloud,Server Tools,50,167207.4000000000000,147600.3500000000000,-19607.0500000000000
"02",ROW,DE,All Products Pack,All Products Pack,65,1717083.6300000000000,1664266.7600000000000,-52816.8700000000000
"02",ROW,DE,DataGrip,IntelliJ-based IDE,20,547194.3200000000000,489343.1000000000000,-57851.2200000000000
"02",ROW,DE,IntelliJ IDEA,IntelliJ-based IDE,50,1304683.8000000000000,1226912.6500000000000,-77771.1500000000000
"02",ROW,DE,ReSharper,.NET products,14,373636.2900000000000,344260.0700000000000,-29376.2200000000000
"02",ROW,DE,Rider,.NET products,14,381298.6400000000000,354694.2600000000000,-26604.3800000000000
"02",ROW,DE,RubyMine,IntelliJ-based IDE,20,526385.1400000000000,490600.4500000000000,-35784.6900000000000
"02",ROW,DE,YouTrack InCloud,Server Tools,50,1319484.9200000000000,1242915.3400000000000,-76569.5800000000000
"02",ROW,GB,All Products Pack,All Products Pack,65,174400.7500000000000,192804.2200000000000,18403.4700000000000
"02",ROW,GB,DataGrip,IntelliJ-based IDE,20,57065.2600000000000,53424.0000000000000,-3641.2600000000000
"02",ROW,GB,IntelliJ IDEA,IntelliJ-based IDE,50,140906.8700000000000,140777.1900000000000,-129.6800000000000
"02",ROW,GB,ReSharper,.NET products,14,37563.4700000000000,36917.8400000000000,-645.6300000000000
"02",ROW,GB,Rider,.NET products,14,39868.6000000000000,38160.3400000000000,-1708.2600000000000
"02",ROW,GB,RubyMine,IntelliJ-based IDE,20,54040.8000000000000,52106.8600000000000,-1933.9400000000000
"02",ROW,GB,YouTrack InCloud,Server Tools,50,144769.4700000000000,130721.3700000000000,-14048.1000000000000
"02",ROW,IL,All Products Pack,All Products Pack,65,77090.0000000000000,77025.0000000000000,-65.0000000000000
"02",ROW,IL,DataGrip,IntelliJ-based IDE,20,22540.0000000000000,23040.0000000000000,500.0000000000000
"02",ROW,IL,IntelliJ IDEA,IntelliJ-based IDE,50,54650.0000000000000,56250.0000000000000,1600.0000000000000
"02",ROW,IL,ReSharper,.NET products,14,14224.0000000000000,13608.0000000000000,-616.0000000000000
"02",ROW,IL,Rider,.NET products,14,15904.0000000000000,16646.0000000000000,742.0000000000000
"02",ROW,IL,RubyMine,IntelliJ-based IDE,20,24920.0000000000000,23000.0000000000000,-1920.0000000000000
"02",ROW,IL,YouTrack InCloud,Server Tools,50,54750.0000000000000,67950.0000000000000,13200.0000000000000
"02",ROW,KR,All Products Pack,All Products Pack,65,29315.0000000000000,33085.0000000000000,3770.0000000000000
"02",ROW,KR,DataGrip,IntelliJ-based IDE,20,10260.0000000000000,11980.0000000000000,1720.0000000000000
"02",ROW,KR,IntelliJ IDEA,IntelliJ-based IDE,50,28350.0000000000000,30250.0000000000000,1900.0000000000000
"02",ROW,KR,ReSharper,.NET products,14,7252.0000000000000,7560.0000000000000,308.0000000000000
"02",ROW,KR,Rider,.NET products,14,8904.0000000000000,8344.0000000000000,-560.0000000000000
"02",ROW,KR,RubyMine,IntelliJ-based IDE,20,10040.0000000000000,9360.0000000000000,-680.0000000000000
"02",ROW,KR,YouTrack InCloud,Server Tools,50,30300.0000000000000,25050.0000000000000,-5250.0000000000000
"02",ROW,NZ,All Products Pack,All Products Pack,65,33930.0000000000000,34125.0000000000000,195.0000000000000
"02",ROW,NZ,DataGrip,IntelliJ-based IDE,20,9180.0000000000000,10160.0000000000000,980.0000000000000
"02",ROW,NZ,IntelliJ IDEA,IntelliJ-based IDE,50,31100.0000000000000,23700.0000000000000,-7400.0000000000000
"02",ROW,NZ,ReSharper,.NET products,14,7728.0000000000000,6846.0000000000000,-882.0000000000000
"02",ROW,NZ,Rider,.NET products,14,7434.0000000000000,7322.0000000000000,-112.0000000000000
"02",ROW,NZ,RubyMine,IntelliJ-based IDE,20,9800.0000000000000,11680.0000000000000,1880.0000000000000
"02",ROW,NZ,YouTrack InCloud,Server Tools,50,24000.0000000000000,28100.0000000000000,4100.0000000000000
"02",US,CA,All Products Pack,All Products Pack,65,74490.0000000000000,65585.0000000000000,-8905.0000000000000
"02",US,CA,DataGrip,IntelliJ-based IDE,20,21360.0000000000000,19120.0000000000000,-2240.0000000000000
"02",US,CA,IntelliJ IDEA,IntelliJ-based IDE,50,52050.0000000000000,46500.0000000000000,-5550.0000000000000
"02",US,CA,ReSharper,.NET products,14,12726.0000000000000,13258.0000000000000,532.0000000000000
"02",US,CA,Rider,.NET products,14,12628.0000000000000,14224.0000000000000,1596.0000000000000
"02",US,CA,RubyMine,IntelliJ-based IDE,20,19420.0000000000000,20120.0000000000000,700.0000000000000
"02",US,CA,YouTrack InCloud,Server Tools,50,57900.0000000000000,46250.0000000000000,-11650.0000000000000
"02",US,US,All Products Pack,All Products Pack,65,1430910.0000000000000,1450345.0000000000000,19435.0000000000000
"02",US,US,DataGrip,IntelliJ-based IDE,20,430720.0000000000000,429000.0000000000000,-1720.0000000000000
"02",US,US,IntelliJ IDEA,IntelliJ-based IDE,50,1031100.0000000000000,1114050.0000000000000,82950.0000000000000
"02",US,US,ReSharper,.NET products,14,296772.0000000000000,303828.0000000000000,7056.0000000000000
"02",US,US,Rider,.NET products,14,314636.0000000000000,311906.0000000000000,-2730.0000000000000
"02",US,US,RubyMine,IntelliJ-based IDE,20,427080.0000000000000,442000.0000000000000,14920.0000000000000
"02",US,US,YouTrack InCloud,Server Tools,50,1065900.0000000000000,1126950.0000000000000,61050.0000000000000
"03",ROW,AT,All Products Pack,All Products Pack,65,147407.5100000000000,121921.7800000000000,-25485.7300000000000
"03",ROW,AT,DataGrip,IntelliJ-based IDE,20,49395.3800000000000,34973.4300000000000,-14421.9500000000000
"03",ROW,AT,IntelliJ IDEA,IntelliJ-based IDE,50,99607.0100000000000,104086.0400000000000,4479.0300000000000
"03",ROW,AT,ReSharper,.NET products,14,29933.1500000000000,30094.5300000000000,161.3800000000000
"03",ROW,AT,Rider,.NET products,14,29443.2700000000000,24856.1800000000000,-4587.0900000000000
"03",ROW,AT,RubyMine,IntelliJ-based IDE,20,39709.1300000000000,37740.4600000000000,-1968.6700000000000
"03",ROW,AT,YouTrack InCloud,Server Tools,50,113452.3400000000000,93197.6600000000000,-20254.6800000000000
"03",ROW,AU,All Products Pack,All Products Pack,65,77155.0000000000000,72150.0000000000000,-5005.0000000000000
"03",ROW,AU,DataGrip,IntelliJ-based IDE,20,20900.0000000000000,26240.0000000000000,5340.0000000000000
"03",ROW,AU,IntelliJ IDEA,IntelliJ-based IDE,50,52850.0000000000000,64500.0000000000000,11650.0000000000000
"03",ROW,AU,ReSharper,.NET products,14,14210.0000000000000,17556.0000000000000,3346.0000000000000
"03",ROW,AU,Rider,.NET products,14,17136.0000000000000,15470.0000000000000,-1666.0000000000000
"03",ROW,AU,RubyMine,IntelliJ-based IDE,20,26180.0000000000000,20620.0000000000000,-5560.0000000000000
"03",ROW,AU,YouTrack InCloud,Server Tools,50,60450.0000000000000,60000.0000000000000,-450.0000000000000
"03",ROW,CH,All Products Pack,All Products Pack,65,231304.5800000000000,231600.3100000000000,295.7300000000000
"03",ROW,CH,DataGrip,IntelliJ-based IDE,20,70986.7200000000000,65277.7400000000000,-5708.9800000000000
"03",ROW,CH,IntelliJ IDEA,IntelliJ-based IDE,50,182667.0000000000000,166239.2400000000000,-16427.7600000000000
"03",ROW,CH,ReSharper,.NET products,14,47648.2900000000000,43140.5600000000000,-4507.7300000000000
"03",ROW,CH,Rider,.NET products,14,50713.1900000000000,48354.4800000000000,-2358.7100000000000
"03",ROW,CH,RubyMine,IntelliJ-based IDE,20,75914.5700000000000,69934.4500000000000,-5980.1200000000000
"03",ROW,CH,YouTrack InCloud,Server Tools,50,173065.3800000000000,155004.3900000000000,-18060.9900000000000
"03",ROW,DE,All Products Pack,All Products Pack,65,1974524.7400000000000,1758333.2500000000000,-216191.4900000000000
"03",ROW,DE,DataGrip,IntelliJ-based IDE,20,597014.0500000000000,543064.1200000000000,-53949.9300000000000
"03",ROW,DE,IntelliJ IDEA,IntelliJ-based IDE,50,1481025.1400000000000,1320608.3200000000000,-160416.8200000000000
"03",ROW,DE,ReSharper,.NET products,14,417727.3300000000000,375848.8700000000000,-41878.4600000000000
"03",ROW,DE,Rider,.NET products,14,423223.2300000000000,374953.5400000000000,-48269.6900000000000
"03",ROW,DE,RubyMine,IntelliJ-based IDE,20,613047.8400000000000,534886.3700000000000,-78161.4700000000000
"03",ROW,DE,YouTrack InCloud,Server Tools,50,1448058.9600000000000,1353031.1300000000000,-95027.8300000000000
"03",ROW,GB,All Products Pack,All Products Pack,65,239343.3600000000000,214491.2000000000000,-24852.1600000000000
"03",ROW,GB,DataGrip,IntelliJ-based IDE,20,61147.4300000000000,60512.2600000000000,-635.1700000000000
"03",ROW,GB,IntelliJ IDEA,IntelliJ-based IDE,50,176731.4600000000000,157963.1900000000000,-18768.2700000000000
"03",ROW,GB,ReSharper,.NET products,14,44371.6200000000000,41971.4100000000000,-2400.2100000000000
"03",ROW,GB,Rider,.NET products,14,47878.3000000000000,45875.0300000000000,-2003.2700000000000
"03",ROW,GB,RubyMine,IntelliJ-based IDE,20,70757.1800000000000,59096.9700000000000,-11660.2100000000000
"03",ROW,GB,YouTrack InCloud,Server Tools,50,173706.9900000000000,174120.9500000000000,413.9600000000000
"03",ROW,IL,All Products Pack,All Products Pack,65,83070.0000000000000,80275.0000000000000,-2795.0000000000000
"03",ROW,IL,DataGrip,IntelliJ-based IDE,20,24500.0000000000000,23240.0000000000000,-1260.0000000000000
"03",ROW,IL,IntelliJ IDEA,IntelliJ-based IDE,50,60100.0000000000000,61850.0000000000000,1750.0000000000000
"03",ROW,IL,ReSharper,.NET products,14,18368.0000000000000,18830.0000000000000,462.0000000000000
"03",ROW,IL,Rider,.NET products,14,18088.0000000000000,18662.0000000000000,574.0000000000000
"03",ROW,IL,RubyMine,IntelliJ-based IDE,20,21660.0000000000000,24360.0000000000000,2700.0000000000000
"03",ROW,IL,YouTrack InCloud,Server Tools,50,60950.0000000000000,64550.0000000000000,3600.0000000000000
"03",ROW,KR,All Products Pack,All Products Pack,65,41015.0000000000000,38740.0000000000000,-2275.0000000000000
"03",ROW,KR,DataGrip,IntelliJ-based IDE,20,12860.0000000000000,11600.0000000000000,-1260.0000000000000
"03",ROW,KR,IntelliJ IDEA,IntelliJ-based IDE,50,32400.0000000000000,33550.0000000000000,1150.0000000000000
"03",ROW,KR,ReSharper,.NET products,14,8302.0000000000000,10822.0000000000000,2520.0000000000000
"03",ROW,KR,Rider,.NET products,14,10388.0000000000000,7252.0000000000000,-3136.0000000000000
"03",ROW,KR,RubyMine,IntelliJ-based IDE,20,11620.0000000000000,10580.0000000000000,-1040.0000000000000
"03",ROW,KR,YouTrack InCloud,Server Tools,50,26900.0000000000000,32900.0000000000000,6000.0000000000000
"03",ROW,NZ,All Products Pack,All Products Pack,65,37115.0000000000000,32500.0000000000000,-4615.0000000000000
"03",ROW,NZ,DataGrip,IntelliJ-based IDE,20,11260.0000000000000,8820.0000000000000,-2440.0000000000000
"03",ROW,NZ,IntelliJ IDEA,IntelliJ-based IDE,50,27950.0000000000000,28200.0000000000000,250.0000000000000
"03",ROW,NZ,ReSharper,.NET products,14,8008.0000000000000,7406.0000000000000,-602.0000000000000
"03",ROW,NZ,Rider,.NET products,14,7980.0000000000000,7140.0000000000000,-840.0000000000000
"03",ROW,NZ,RubyMine,IntelliJ-based IDE,20,12900.0000000000000,10340.0000000000000,-2560.0000000000000
"03",ROW,NZ,YouTrack InCloud,Server Tools,50,28900.0000000000000,29900.0000000000000,1000.0000000000000
"03",US,CA,All Products Pack,All Products Pack,65,70070.0000000000000,63375.0000000000000,-6695.0000000000000
"03",US,CA,DataGrip,IntelliJ-based IDE,20,18560.0000000000000,22740.0000000000000,4180.0000000000000
"03",US,CA,IntelliJ IDEA,IntelliJ-based IDE,50,45500.0000000000000,51550.0000000000000,6050.0000000000000
"03",US,CA,ReSharper,.NET products,14,14602.0000000000000,13062.0000000000000,-1540.0000000000000
"03",US,CA,Rider,.NET products,14,15778.0000000000000,15596.0000000000000,-182.0000000000000
"03",US,CA,RubyMine,IntelliJ-based IDE,20,20860.0000000000000,21820.0000000000000,960.0000000000000
"03",US,CA,YouTrack InCloud,Server Tools,50,50600.0000000000000,49150.0000000000000,-1450.0000000000000
"03",US,US,All Products Pack,All Products Pack,65,1611870.0000000000000,1505660.0000000000000,-106210.0000000000000
"03",US,US,DataGrip,IntelliJ-based IDE,20,489000.0000000000000,494960.0000000000000,5960.0000000000000
"03",US,US,IntelliJ IDEA,IntelliJ-based IDE,50,1188350.0000000000000,1238100.0000000000000,49750.0000000000000
"03",US,US,ReSharper,.NET products,14,330610.0000000000000,341026.0000000000000,10416.0000000000000
"03",US,US,Rider,.NET products,14,326998.0000000000000,327152.0000000000000,154.0000000000000
"03",US,US,RubyMine,IntelliJ-based IDE,20,482900.0000000000000,478660.0000000000000,-4240.0000000000000
"03",US,US,YouTrack InCloud,Server Tools,50,1185250.0000000000000,1188400.0000000000000,3150.0000000000000
"04",ROW,AT,All Products Pack,All Products Pack,65,145493.1400000000000,122637.1800000000000,-22855.9600000000000
"04",ROW,AT,DataGrip,IntelliJ-based IDE,20,38522.7500000000000,37683.6600000000000,-839.0900000000000
"04",ROW,AT,IntelliJ IDEA,IntelliJ-based IDE,50,95373.8800000000000,96554.8400000000000,1180.9600000000000
"04",ROW,AT,ReSharper,.NET products,14,30260.4300000000000,24690.0000000000000,-5570.4300000000000
"04",ROW,AT,Rider,.NET products,14,27499.9300000000000,27204.5100000000000,-295.4200000000000
"04",ROW,AT,RubyMine,IntelliJ-based IDE,20,40178.4300000000000,37687.8400000000000,-2490.5900000000000
"04",ROW,AT,YouTrack InCloud,Server Tools,50,109840.4800000000000,87868.6100000000000,-21971.8700000000000
"04",ROW,AU,All Products Pack,All Products Pack,65,73190.0000000000000,72410.0000000000000,-780.0000000000000
"04",ROW,AU,DataGrip,IntelliJ-based IDE,20,23780.0000000000000,19880.0000000000000,-3900.0000000000000
"04",ROW,AU,IntelliJ IDEA,IntelliJ-based IDE,50,58600.0000000000000,54000.0000000000000,-4600.0000000000000
"04",ROW,AU,ReSharper,.NET products,14,14644.0000000000000,14868.0000000000000,224.0000000000000
"04",ROW,AU,Rider,.NET products,14,14490.0000000000000,16100.0000000000000,1610.0000000000000
"04",ROW,AU,RubyMine,IntelliJ-based IDE,20,23000.0000000000000,21240.0000000000000,-1760.0000000000000
"04",ROW,AU,YouTrack InCloud,Server Tools,50,66050.0000000000000,61600.0000000000000,-4450.0000000000000
"04",ROW,CH,All Products Pack,All Products Pack,65,224373.0600000000000,178473.6900000000000,-45899.3700000000000
"04",ROW,CH,DataGrip,IntelliJ-based IDE,20,70359.7400000000000,66016.3700000000000,-4343.3700000000000
"04",ROW,CH,IntelliJ IDEA,IntelliJ-based IDE,50,164438.4700000000000,149740.2800000000000,-14698.1900000000000
"04",ROW,CH,ReSharper,.NET products,14,45315.1800000000000,43892.0500000000000,-1423.1300000000000
"04",ROW,CH,Rider,.NET products,14,46562.6400000000000,43800.9400000000000,-2761.7000000000000
"04",ROW,CH,RubyMine,IntelliJ-based IDE,20,71993.8000000000000,55437.5600000000000,-16556.2400000000000
"04",ROW,CH,YouTrack InCloud,Server Tools,50,171640.8200000000000,152026.5600000000000,-19614.2600000000000
"04",ROW,DE,All Products Pack,All Products Pack,65,1838800.9700000000000,1710608.7300000000000,-128192.2400000000000
"04",ROW,DE,DataGrip,IntelliJ-based IDE,20,579896.9600000000000,519393.3100000000000,-60503.6500000000000
"04",ROW,DE,IntelliJ IDEA,IntelliJ-based IDE,50,1428912.4600000000000,1303026.8800000000000,-125885.5800000000000
"04",ROW,DE,ReSharper,.NET products,14,410784.8700000000000,366491.2300000000000,-44293.6400000000000
"04",ROW,DE,Rider,.NET products,14,398827.9500000000000,370362.0900000000000,-28465.8600000000000
"04",ROW,DE,RubyMine,IntelliJ-based IDE,20,556811.8200000000000,539802.8900000000000,-17008.9300000000000
"04",ROW,DE,YouTrack InCloud,Server Tools,50,1381327.1200000000000,1303449.7400000000000,-77877.3800000000000
"04",ROW,GB,All Products Pack,All Products Pack,65,210387.1800000000000,184087.0800000000000,-26300.1000000000000
"04",ROW,GB,DataGrip,IntelliJ-based IDE,20,61801.6500000000000,62839.5900000000000,1037.9400000000000
"04",ROW,GB,IntelliJ IDEA,IntelliJ-based IDE,50,153993.5400000000000,149672.9500000000000,-4320.5900000000000
"04",ROW,GB,ReSharper,.NET products,14,43931.3400000000000,43337.4200000000000,-593.9200000000000
"04",ROW,GB,Rider,.NET products,14,42896.5300000000000,41144.5500000000000,-1751.9800000000000
"04",ROW,GB,RubyMine,IntelliJ-based IDE,20,61840.4200000000000,63276.5500000000000,1436.1300000000000
"04",ROW,GB,YouTrack InCloud,Server Tools,50,154836.4900000000000,130609.8200000000000,-24226.6700000000000
"04",ROW,IL,All Products Pack,All Products Pack,65,75010.0000000000000,84240.0000000000000,9230.0000000000000
"04",ROW,IL,DataGrip,IntelliJ-based IDE,20,26440.0000000000000,26380.0000000000000,-60.0000000000000
"04",ROW,IL,IntelliJ IDEA,IntelliJ-based IDE,50,69100.0000000000000,62350.0000000000000,-6750.0000000000000
"04",ROW,IL,ReSharper,.NET products,14,16744.0000000000000,19152.0000000000000,2408.0000000000000
"04",ROW,IL,Rider,.NET products,14,20356.0000000000000,17598.0000000000000,-2758.0000000000000
"04",ROW,IL,RubyMine,IntelliJ-based IDE,20,25440.0000000000000,23780.0000000000000,-1660.0000000000000
"04",ROW,IL,YouTrack InCloud,Server Tools,50,62650.0000000000000,64900.0000000000000,2250.0000000000000
"04",ROW,KR,All Products Pack,All Products Pack,65,33865.0000000000000,45630.0000000000000,11765.0000000000000
"04",ROW,KR,DataGrip,IntelliJ-based IDE,20,14200.0000000000000,10820.0000000000000,-3380.0000000000000
"04",ROW,KR,IntelliJ IDEA,IntelliJ-based IDE,50,26950.0000000000000,30100.0000000000000,3150.0000000000000
"04",ROW,KR,ReSharper,.NET products,14,9338.0000000000000,7014.0000000000000,-2324.0000000000000
"04",ROW,KR,Rider,.NET products,14,7700.0000000000000,8862.0000000000000,1162.0000000000000
"04",ROW,KR,RubyMine,IntelliJ-based IDE,20,11780.0000000000000,11320.0000000000000,-460.0000000000000
"04",ROW,KR,YouTrack InCloud,Server Tools,50,35200.0000000000000,29300.0000000000000,-5900.0000000000000
"04",ROW,NZ,All Products Pack,All Products Pack,65,34385.0000000000000,40430.0000000000000,6045.0000000000000
"04",ROW,NZ,DataGrip,IntelliJ-based IDE,20,10160.0000000000000,11720.0000000000000,1560.0000000000000
"04",ROW,NZ,IntelliJ IDEA,IntelliJ-based IDE,50,28950.0000000000000,29500.0000000000000,550.0000000000000
"04",ROW,NZ,ReSharper,.NET products,14,7126.0000000000000,6356.0000000000000,-770.0000000000000
"04",ROW,NZ,Rider,.NET products,14,6398.0000000000000,7322.0000000000000,924.0000000000000
"04",ROW,NZ,RubyMine,IntelliJ-based IDE,20,10960.0000000000000,9240.0000000000000,-1720.0000000000000
"04",ROW,NZ,YouTrack InCloud,Server Tools,50,25850.0000000000000,20550.0000000000000,-5300.0000000000000
"04",US,CA,All Products Pack,All Products Pack,65,67405.0000000000000,69810.0000000000000,2405.0000000000000
"04",US,CA,DataGrip,IntelliJ-based IDE,20,19940.0000000000000,19440.0000000000000,-500.0000000000000
"04",US,CA,IntelliJ IDEA,IntelliJ-based IDE,50,44150.0000000000000,59700.0000000000000,15550.0000000000000
"04",US,CA,ReSharper,.NET products,14,13160.0000000000000,15050.0000000000000,1890.0000000000000
"04",US,CA,Rider,.NET products,14,14588.0000000000000,14378.0000000000000,-210.0000000000000
"04",US,CA,RubyMine,IntelliJ-based IDE,20,18520.0000000000000,22020.0000000000000,3500.0000000000000
"04",US,CA,YouTrack InCloud,Server Tools,50,44250.0000000000000,47900.0000000000000,3650.0000000000000
"04",US,US,All Products Pack,All Products Pack,65,1525225.0000000000000,1518205.0000000000000,-7020.0000000000000
"04",US,US,DataGrip,IntelliJ-based IDE,20,466420.0000000000000,475500.0000000000000,9080.0000000000000
"04",US,US,IntelliJ IDEA,IntelliJ-based IDE,50,1204300.0000000000000,1146650.0000000000000,-57650.0000000000000
"04",US,US,ReSharper,.NET products,14,345044.0000000000000,323064.0000000000000,-21980.0000000000000
"04",US,US,Rider,.NET products,14,329546.0000000000000,322826.0000000000000,-6720.0000000000000
"04",US,US,RubyMine,IntelliJ-based IDE,20,476380.0000000000000,454880.0000000000000,-21500.0000000000000
"04",US,US,YouTrack InCloud,Server Tools,50,1201900.0000000000000,1164200.0000000000000,-37700.0000000000000
"05",ROW,AT,All Products Pack,All Products Pack,65,126113.2200000000000,124790.9500000000000,-1322.2700000000000
"05",ROW,AT,DataGrip,IntelliJ-based IDE,20,36430.5900000000000,35347.8900000000000,-1082.7000000000000
"05",ROW,AT,IntelliJ IDEA,IntelliJ-based IDE,50,94363.7700000000000,100797.9700000000000,6434.2000000000000
"05",ROW,AT,ReSharper,.NET products,14,28114.0900000000000,25593.6200000000000,-2520.4700000000000
"05",ROW,AT,Rider,.NET products,14,29156.8500000000000,26942.7800000000000,-2214.0700000000000
"05",ROW,AT,RubyMine,IntelliJ-based IDE,20,39142.6900000000000,41484.9800000000000,2342.2900000000000
"05",ROW,AT,YouTrack InCloud,Server Tools,50,88988.3400000000000,91146.4000000000000,2158.0600000000000
"05",ROW,AU,All Products Pack,All Products Pack,65,67340.0000000000000,75660.0000000000000,8320.0000000000000
"05",ROW,AU,DataGrip,IntelliJ-based IDE,20,24100.0000000000000,21480.0000000000000,-2620.0000000000000
"05",ROW,AU,IntelliJ IDEA,IntelliJ-based IDE,50,63250.0000000000000,57600.0000000000000,-5650.0000000000000
"05",ROW,AU,ReSharper,.NET products,14,18228.0000000000000,13524.0000000000000,-4704.0000000000000
"05",ROW,AU,Rider,.NET products,14,15610.0000000000000,16814.0000000000000,1204.0000000000000
"05",ROW,AU,RubyMine,IntelliJ-based IDE,20,26000.0000000000000,22820.0000000000000,-3180.0000000000000
"05",ROW,AU,YouTrack InCloud,Server Tools,50,60150.0000000000000,52250.0000000000000,-7900.0000000000000
"05",ROW,CH,All Products Pack,All Products Pack,65,211282.9800000000000,218267.2500000000000,6984.2700000000000
"05",ROW,CH,DataGrip,IntelliJ-based IDE,20,70657.6800000000000,65574.7400000000000,-5082.9400000000000
"05",ROW,CH,IntelliJ IDEA,IntelliJ-based IDE,50,167665.9900000000000,171807.5700000000000,4141.5800000000000
"05",ROW,CH,ReSharper,.NET products,14,49590.9400000000000,47220.1300000000000,-2370.8100000000000
"05",ROW,CH,Rider,.NET products,14,54911.9800000000000,45775.7200000000000,-9136.2600000000000
"05",ROW,CH,RubyMine,IntelliJ-based IDE,20,68297.7800000000000,62455.2100000000000,-5842.5700000000000
"05",ROW,CH,YouTrack InCloud,Server Tools,50,185327.9800000000000,174927.6300000000000,-10400.3500000000000
"05",ROW,DE,All Products Pack,All Products Pack,65,1836354.5900000000000,1735230.2000000000000,-101124.3900000000000
"05",ROW,DE,DataGrip,IntelliJ-based IDE,20,564748.7300000000000,551739.3800000000000,-13009.3500000000000
"05",ROW,DE,IntelliJ IDEA,IntelliJ-based IDE,50,1365371.2300000000000,1359430.6300000000000,-5940.6000000000000
"05",ROW,DE,ReSharper,.NET products,14,389806.0400000000000,390066.4700000000000,260.4300000000000
"05",ROW,DE,Rider,.NET products,14,397267.6200000000000,384979.1100000000000,-12288.5100000000000
"05",ROW,DE,RubyMine,IntelliJ-based IDE,20,574238.5600000000000,560521.8100000000000,-13716.7500000000000
"05",ROW,DE,YouTrack InCloud,Server Tools,50,1434208.3100000000000,1324812.8400000000000,-109395.4700000000000
"05",ROW,GB,All Products Pack,All Products Pack,65,201221.4100000000000,210348.8200000000000,9127.4100000000000
"05",ROW,GB,DataGrip,IntelliJ-based IDE,20,66082.8700000000000,57999.5500000000000,-8083.3200000000000
"05",ROW,GB,IntelliJ IDEA,IntelliJ-based IDE,50,153736.8900000000000,153580.3100000000000,-156.5800000000000
"05",ROW,GB,ReSharper,.NET products,14,39320.9900000000000,46726.2400000000000,7405.2500000000000
"05",ROW,GB,Rider,.NET products,14,43699.2900000000000,43770.1900000000000,70.9000000000000
"05",ROW,GB,RubyMine,IntelliJ-based IDE,20,63630.4500000000000,60433.1400000000000,-3197.3100000000000
"05",ROW,GB,YouTrack InCloud,Server Tools,50,164996.0200000000000,155543.9600000000000,-9452.0600000000000
"05",ROW,IL,All Products Pack,All Products Pack,65,87360.0000000000000,92690.0000000000000,5330.0000000000000
"05",ROW,IL,DataGrip,IntelliJ-based IDE,20,25820.0000000000000,30360.0000000000000,4540.0000000000000
"05",ROW,IL,IntelliJ IDEA,IntelliJ-based IDE,50,62100.0000000000000,70450.0000000000000,8350.0000000000000
"05",ROW,IL,ReSharper,.NET products,14,18732.0000000000000,19768.0000000000000,1036.0000000000000
"05",ROW,IL,Rider,.NET products,14,16198.0000000000000,19642.0000000000000,3444.0000000000000
"05",ROW,IL,RubyMine,IntelliJ-based IDE,20,27000.0000000000000,26900.0000000000000,-100.0000000000000
"05",ROW,IL,YouTrack InCloud,Server Tools,50,60150.0000000000000,61300.0000000000000,1150.0000000000000
"05",ROW,KR,All Products Pack,All Products Pack,65,37570.0000000000000,47385.0000000000000,9815.0000000000000
"05",ROW,KR,DataGrip,IntelliJ-based IDE,20,13260.0000000000000,12860.0000000000000,-400.0000000000000
"05",ROW,KR,IntelliJ IDEA,IntelliJ-based IDE,50,24900.0000000000000,30350.0000000000000,5450.0000000000000
"05",ROW,KR,ReSharper,.NET products,14,9688.0000000000000,7154.0000000000000,-2534.0000000000000
"05",ROW,KR,Rider,.NET products,14,8666.0000000000000,7196.0000000000000,-1470.0000000000000
"05",ROW,KR,RubyMine,IntelliJ-based IDE,20,12200.0000000000000,10920.0000000000000,-1280.0000000000000
"05",ROW,KR,YouTrack InCloud,Server Tools,50,29550.0000000000000,25000.0000000000000,-4550.0000000000000
"05",ROW,NZ,All Products Pack,All Products Pack,65,37115.0000000000000,40495.0000000000000,3380.0000000000000
"05",ROW,NZ,DataGrip,IntelliJ-based IDE,20,10180.0000000000000,13960.0000000000000,3780.0000000000000
"05",ROW,NZ,IntelliJ IDEA,IntelliJ-based IDE,50,27350.0000000000000,31000.0000000000000,3650.0000000000000
"05",ROW,NZ,ReSharper,.NET products,14,8330.0000000000000,8106.0000000000000,-224.0000000000000
"05",ROW,NZ,Rider,.NET products,14,8288.0000000000000,7084.0000000000000,-1204.0000000000000
"05",ROW,NZ,RubyMine,IntelliJ-based IDE,20,12920.0000000000000,12700.0000000000000,-220.0000000000000
"05",ROW,NZ,YouTrack InCloud,Server Tools,50,30850.0000000000000,22500.0000000000000,-8350.0000000000000
"05",US,CA,All Products Pack,All Products Pack,65,64155.0000000000000,70525.0000000000000,6370.0000000000000
"05",US,CA,DataGrip,IntelliJ-based IDE,20,20500.0000000000000,18640.0000000000000,-1860.0000000000000
"05",US,CA,IntelliJ IDEA,IntelliJ-based IDE,50,53350.0000000000000,49850.0000000000000,-3500.0000000000000
"05",US,CA,ReSharper,.NET products,14,13552.0000000000000,17710.0000000000000,4158.0000000000000
"05",US,CA,Rider,.NET products,14,15484.0000000000000,14196.0000000000000,-1288.0000000000000
"05",US,CA,RubyMine,IntelliJ-based IDE,20,20600.0000000000000,21760.0000000000000,1160.0000000000000
"05",US,CA,YouTrack InCloud,Server Tools,50,54350.0000000000000,51650.0000000000000,-2700.0000000000000
"05",US,US,All Products Pack,All Products Pack,65,1561690.0000000000000,1545570.0000000000000,-16120.0000000000000
"05",US,US,DataGrip,IntelliJ-based IDE,20,470640.0000000000000,478340.0000000000000,7700.0000000000000
"05",US,US,IntelliJ IDEA,IntelliJ-based IDE,50,1193050.0000000000000,1205600.0000000000000,12550.0000000000000
"05",US,US,ReSharper,.NET products,14,338660.0000000000000,341768.0000000000000,3108.0000000000000
"05",US,US,Rider,.NET products,14,345646.0000000000000,342230.0000000000000,-3416.0000000000000
"05",US,US,RubyMine,IntelliJ-based IDE,20,474580.0000000000000,486620.0000000000000,12040.0000000000000
"05",US,US,YouTrack InCloud,Server Tools,50,1182450.0000000000000,1218500.0000000000000,36050.0000000000000
"06",ROW,AT,All Products Pack,All Products Pack,65,129129.2900000000000,106939.0400000000000,-22190.2500000000000
"06",ROW,AT,DataGrip,IntelliJ-based IDE,20,35995.2900000000000,36054.5900000000000,59.3000000000000
"06",ROW,AT,IntelliJ IDEA,IntelliJ-based IDE,50,88631.5200000000000,98907.5000000000000,10275.9800000000000
"06",ROW,AT,ReSharper,.NET products,14,28623.9900000000000,28062.2200000000000,-561.7700000000000
"06",ROW,AT,Rider,.NET products,14,29565.6900000000000,28371.4100000000000,-1194.2800000000000
"06",ROW,AT,RubyMine,IntelliJ-based IDE,20,31639.8800000000000,32853.0700000000000,1213.1900000000000
"06",ROW,AT,YouTrack InCloud,Server Tools,50,94811.8600000000000,81830.8300000000000,-12981.0300000000000
"06",ROW,AU,All Products Pack,All Products Pack,65,83525.0000000000000,73125.0000000000000,-10400.0000000000000
"06",ROW,AU,DataGrip,IntelliJ-based IDE,20,22240.0000000000000,19020.0000000000000,-3220.0000000000000
"06",ROW,AU,IntelliJ IDEA,IntelliJ-based IDE,50,57950.0000000000000,61100.0000000000000,3150.0000000000000
"06",ROW,AU,ReSharper,.NET products,14,16016.0000000000000,15722.0000000000000,-294.0000000000000
"06",ROW,AU,Rider,.NET products,14,14980.0000000000000,14168.0000000000000,-812.0000000000000
"06",ROW,AU,RubyMine,IntelliJ-based IDE,20,26940.0000000000000,23840.0000000000000,-3100.0000000000000
"06",ROW,AU,YouTrack InCloud,Server Tools,50,62050.0000000000000,56400.0000000000000,-5650.0000000000000
"06",ROW,CH,All Products Pack,All Products Pack,65,214301.7400000000000,222525.5200000000000,8223.7800000000000
"06",ROW,CH,DataGrip,IntelliJ-based IDE,20,64657.4500000000000,66008.0900000000000,1350.6400000000000
"06",ROW,CH,IntelliJ IDEA,IntelliJ-based IDE,50,162653.3500000000000,153188.0000000000000,-9465.3500000000000
"06",ROW,CH,ReSharper,.NET products,14,48216.4700000000000,45479.6100000000000,-2736.8600000000000
"06",ROW,CH,Rider,.NET products,14,48870.3500000000000,42149.5500000000000,-6720.8000000000000
"06",ROW,CH,RubyMine,IntelliJ-based IDE,20,67603.2500000000000,59029.5000000000000,-8573.7500000000000
"06",ROW,CH,YouTrack InCloud,Server Tools,50,176913.7200000000000,161031.1400000000000,-15882.5800000000000
"06",ROW,DE,All Products Pack,All Products Pack,65,1772854.8900000000000,1739208.9500000000000,-33645.9400000000000
"06",ROW,DE,DataGrip,IntelliJ-based IDE,20,547198.3800000000000,514725.4700000000000,-32472.9100000000000
"06",ROW,DE,IntelliJ IDEA,IntelliJ-based IDE,50,1335442.1900000000000,1320906.3100000000000,-14535.8800000000000
"06",ROW,DE,ReSharper,.NET products,14,383328.0700000000000,371292.8600000000000,-12035.2100000000000
"06",ROW,DE,Rider,.NET products,14,373466.5600000000000,358959.5800000000000,-14506.9800000000000
"06",ROW,DE,RubyMine,IntelliJ-based IDE,20,545540.3800000000000,515238.1400000000000,-30302.2400000000000
"06",ROW,DE,YouTrack InCloud,Server Tools,50,1357785.6300000000000,1313797.3500000000000,-43988.2800000000000
"06",ROW,GB,All Products Pack,All Products Pack,65,209564.2800000000000,187832.8100000000000,-21731.4700000000000
"06",ROW,GB,DataGrip,IntelliJ-based IDE,20,61916.5600000000000,56368.5300000000000,-5548.0300000000000
"06",ROW,GB,IntelliJ IDEA,IntelliJ-based IDE,50,157319.2600000000000,137736.1100000000000,-19583.1500000000000
"06",ROW,GB,ReSharper,.NET products,14,41969.8500000000000,42682.4100000000000,712.5600000000000
"06",ROW,GB,Rider,.NET products,14,46805.4100000000000,40318.5200000000000,-6486.8900000000000
"06",ROW,GB,RubyMine,IntelliJ-based IDE,20,52483.8100000000000,60940.4200000000000,8456.6100000000000
"06",ROW,GB,YouTrack InCloud,Server Tools,50,146957.8800000000000,148233.1900000000000,1275.3100000000000
"06",ROW,IL,All Products Pack,All Products Pack,65,79625.0000000000000,89830.0000000000000,10205.0000000000000
"06",ROW,IL,DataGrip,IntelliJ-based IDE,20,25980.0000000000000,26720.0000000000000,740.0000000000000
"06",ROW,IL,IntelliJ IDEA,IntelliJ-based IDE,50,56300.0000000000000,64450.0000000000000,8150.0000000000000
"06",ROW,IL,ReSharper,.NET products,14,17150.0000000000000,16646.0000000000000,-504.0000000000000
"06",ROW,IL,Rider,.NET products,14,16086.0000000000000,17990.0000000000000,1904.0000000000000
"06",ROW,IL,RubyMine,IntelliJ-based IDE,20,23140.0000000000000,25460.0000000000000,2320.0000000000000
"06",ROW,IL,YouTrack InCloud,Server Tools,50,64550.0000000000000,62950.0000000000000,-1600.0000000000000
"06",ROW,KR,All Products Pack,All Products Pack,65,40755.0000000000000,42575.0000000000000,1820.0000000000000
"06",ROW,KR,DataGrip,IntelliJ-based IDE,20,13560.0000000000000,13080.0000000000000,-480.0000000000000
"06",ROW,KR,IntelliJ IDEA,IntelliJ-based IDE,50,32450.0000000000000,31400.0000000000000,-1050.0000000000000
"06",ROW,KR,ReSharper,.NET products,14,8456.0000000000000,6552.0000000000000,-1904.0000000000000
"06",ROW,KR,Rider,.NET products,14,10318.0000000000000,10668.0000000000000,350.0000000000000
"06",ROW,KR,RubyMine,IntelliJ-based IDE,20,13540.0000000000000,13040.0000000000000,-500.0000000000000
"06",ROW,KR,YouTrack InCloud,Server Tools,50,30500.0000000000000,31750.0000000000000,1250.0000000000000
"06",ROW,NZ,All Products Pack,All Products Pack,65,42185.0000000000000,32305.0000000000000,-9880.0000000000000
"06",ROW,NZ,DataGrip,IntelliJ-based IDE,20,10680.0000000000000,12180.0000000000000,1500.0000000000000
"06",ROW,NZ,IntelliJ IDEA,IntelliJ-based IDE,50,26750.0000000000000,30150.0000000000000,3400.0000000000000
"06",ROW,NZ,ReSharper,.NET products,14,7350.0000000000000,7504.0000000000000,154.0000000000000
"06",ROW,NZ,Rider,.NET products,14,7630.0000000000000,7994.0000000000000,364.0000000000000
"06",ROW,NZ,RubyMine,IntelliJ-based IDE,20,11960.0000000000000,10980.0000000000000,-980.0000000000000
"06",ROW,NZ,YouTrack InCloud,Server Tools,50,26300.0000000000000,31100.0000000000000,4800.0000000000000
"06",US,CA,All Products Pack,All Products Pack,65,62790.0000000000000,66365.0000000000000,3575.0000000000000
"06",US,CA,DataGrip,IntelliJ-based IDE,20,20440.0000000000000,23680.0000000000000,3240.0000000000000
"06",US,CA,IntelliJ IDEA,IntelliJ-based IDE,50,45300.0000000000000,52250.0000000000000,6950.0000000000000
"06",US,CA,ReSharper,.NET products,14,13692.0000000000000,15526.0000000000000,1834.0000000000000
"06",US,CA,Rider,.NET products,14,11718.0000000000000,15274.0000000000000,3556.0000000000000
"06",US,CA,RubyMine,IntelliJ-based IDE,20,18520.0000000000000,22560.0000000000000,4040.0000000000000
"06",US,CA,YouTrack InCloud,Server Tools,50,52150.0000000000000,44900.0000000000000,-7250.0000000000000
"06",US,US,All Products Pack,All Products Pack,65,1504295.0000000000000,1541345.0000000000000,37050.0000000000000
"06",US,US,DataGrip,IntelliJ-based IDE,20,460280.0000000000000,463640.0000000000000,3360.0000000000000
"06",US,US,IntelliJ IDEA,IntelliJ-based IDE,50,1205100.0000000000000,1180050.0000000000000,-25050.0000000000000
"06",US,US,ReSharper,.NET products,14,324576.0000000000000,342510.0000000000000,17934.0000000000000
"06",US,US,Rider,.NET products,14,337414.0000000000000,318906.0000000000000,-18508.0000000000000
"06",US,US,RubyMine,IntelliJ-based IDE,20,448500.0000000000000,479240.0000000000000,30740.0000000000000
"06",US,US,YouTrack InCloud,Server Tools,50,1162300.0000000000000,1164800.0000000000000,2500.0000000000000
